1000270261	1000270261 1005429254 1012943739 1012945612 1007683881 1012947484
1000270293	1000270293 1010930359 1002953106 1005429222 1012943771 1002058826 1082829662 1012945644 1007683914 1012947516 1082832900 1001598017 1115331896 1010924900 1400335459 1082827946 1082830876 1029514456
1001710475	1001710475
1001764212	1001764212
1002323131	1002323131
1002953103	1002953103 1005429219 1002058823 1000270296 1012943774 1082829659 1012945647 1082832897 1007683917 1012947519 1010924897 1001598020 1082830873 1029514453 1010930356 1400335462 1082827949 1000270297 1082827950 1002058822 1082829658 1012943775 1082832896 1012945648 1007683918 1012947520 1010924896 1001598021 1082830872 1029514452 1010930355 1002953102 1005429218 1400335463
1007683901	1007683901 1012947504 1010924913 1029514469 1005429234 1400335239 1002058838 1000270280 1012943759 1012945632 1082832914 1905382478
1010930358	1010930358 1000270294 1002953105 1005429221 1002058825 1012943772 1082829661 1012945645 1007683915 1082832899 1012947517 1001598018 1115331895 1010924899 1082830875 1400335460 1029514455 1082827947
1037498601	1037498601
1082832915	1082832915 1012947503 1010924914 1029514470 1400335238 1005429235 1000270279 1002058839 1012943758 1012945631 1007683900 1002660606
1093055812	1093055812
1115326199	1115326199 1905382500 1093055816 1905380485 1905382480 1012947499 1082832919 1400335234 1010924917 1000270275 1029514474 1012943754 1005429239 1002058843 1012945627 1007683896 1115363474 1002660602 1005110798 1905361712 1001710479 1115346385 1115384619 1502880154 1005527017 1002322615 1001615485 1030068094 1037498589
1115409070	1115409070
1400335464	1400335464 1002058821 1082827951 1082829657 1000270298 1012943776 1082832895 1012945649 1007683919 1010924895 1012947521 1082830871 1029514451 1001598022 1010930354 1002953101 1005429217
1500884640	1500884640 1905360554 1002952507 1115331879 1002058146
1905360585	1905360585 1500884609 1001765311
1000270262	1000270262 1005429253 1012943740 1012945613 1007683882 1012947485 1082832936 1010924932 1029514489
1001710476	1001710476
1001764213	1001764213
1002058854	1002058854 1082832931
1002323132	1002323132
1003738807	1003738807 1002660598 1115363470
1005429252	1005429252 1000270263 1012943741 1012945614 1007683883 1012947486 1082832935 1010924931 1029514488
1005933240	1005933240 1905382502 1093056646
1007683902	1007683902 1082832913 1011628625
1037498602	1037498602
1082832916	1082832916 1012947502 1010924915 1029514471 1400335237 1000270278 1005429236 1002058840 1012943757 1012945630 1007683899 1002660605
1115409071	1115409071 1115409069
1001615487	1001615487
1001764214	1001764214
1002058855	1002058855 1000270265 1012943743 1012945616 1007683885 1082832933 1012947488 1010924929 1029514486 1005429250
1002323133	1002323133
1005933241	1005933241 1115363778 1003738151 1005526995 1002322602 1000270269 1400335227 1012943747 1082832926 1010924924 1012945620 1007683889 1029514481 1012947492 1005429246 1002058850 1001615496 1502880152 1905361714 1093056640 1005110811 1905382489 1003738806 1002660597 1002323127 1037498594 1115409065 1905383061 1002661181 1001765301 1115331656 1500884624 1905360570 1905383067 1115324638 1905360564 1115331876 1002058143 1002952510 1500884630 1037498596 1037498597
1037498603	1037498603
1082827952	1082827952 1082829656 1000270299 1012943777 1082832894 1012945650 1007683920 1010924894 1012947522 1082830870 1029514450 1001598023 1010930353 1002953100 1005429216 1002058820
1082830881	1082830881 1029514461 1012945639 1010930364 1002953111 1005429227 1007683909 1002058831 1012947511 1082829667 1001598012 1082832905 1400335454 1082827941 1000270287 1012943766 1010924905 1115332232 1905382506 1030068082 1115384616 1115346382 1093056643 1502880157 1905361709 1005110814 1005527014 1001710482 1030068084 1001615505
1400335226	1400335226 1000270267 1012943745 1002953116 1082832928 1012945618 1007683887 1010924926 1012947490 1029514483 1005429248 1002058851
1502880138	1502880138 1115346390 1115384624 1905361728
1905380486	1905380486
1001615488	1001615488
1001764215	1001764215
1002322599	1002322599 1030068077
1002323134	1002323134
1030068080	1030068080
1093055815	1093055815
1115326202	1115326202 1905382496
1502880139	1502880139 1115346389 1115384623 1905361727
1905360556	1905360556 1115331881 1500884638 1002058148 1002952505 1500884637 1905360557 1002661173
1905380487	1905380487 1093055814
1905382495	1905382495 1905382483
1001615489	1001615489
1001764216	1001764216
1002322600	1002322600 1030068078
1002323135	1002323135
1002661182	1002661182 1905383060 1115332602 1905360563 1500884631 1115324637 1002058142 1115331875 1002952511
1010930362	1010930362 1012943768 1082830879 1001946092 1029514459 1002953109 1005429225 1012945641 1002058829 1007683911 1082829665 1012947513 1080285386 1001598014 1082832903 1011628621 1400335456 1082827943 1000270289 1115331899 1010924903 1115332234 1905382508
1080285376	1080285376 1011628614 1001946080
1115384605	1115384605 1115346371 1905361700 1115346372 1115384606 1502880167
1502880140	1502880140 1115346388 1115384622 1905361726
1905361703	1905361703 1115346376 1115384610 1005527007 1502880163 1115363473 1002660594 1002660601 1001710489 1003738158 1037498591 1082832920 1005110799 1400335233 1010924918 1000270274 1012943753 1029514475 1905382479 1005429240 1002058844 1012945626 1007683895 1012947498 1030068093 1002322614 1001615486 1030068095 1002322616 1001615484
1905380488	1905380488 1093055813
1001946096	1001946096
1002322601	1002322601 1030068079
1002323136	1002323136 1905383053 1905383054
1093055817	1093055817 1905380484 1905382499 1115326200
1905361704	1905361704 1115346377 1115384611 1502880162 1005527008 1001710488
1905380489	1905380489
1905382497	1905382497
1002323137	1002323137 1002952517
1002661184	1002661184
1005526997	1005526997 1005933243 1400335229 1000270270 1082832924 1012943749 1010924922 1012945622 1029514479 1007683891 1005429244 1002058848 1012947494 1002322604 1001615494 1905361716 1502880150 1003738153 1115363776 1905382491 1093056638 1005110809
1080285378	1080285378 1011628616 1001946082
1093055818	1093055818
1905382498	1905382498 1115326201 1005933237
1002660588	1002660588
1002661185	1002661185
1093055819	1093055819
1001615493	1001615493 1005933244 1002322605
1001710483	1001710483 1005527013 1030068083 1115384615 1115346381 1001615506 1502880158 1905361708 1005110815
1001765302	1001765302 1905383068 1115331657 1500884623 1905360571 1002661180 1905360565 1905383062 1115331877 1002952509 1500884629 1002058144 1115324639 1115409064 1002323126
1002660589	1002660589
1002661186	1002661186
1005110800	1005110800
1005933247	1005933247
1080285380	1080285380 1011628618 1001946084
1082830887	1082830887 1001598005 1082829673 1011628626 1001946097
1093056630	1093056630
1001765303	1001765303 1905383069 1115331658 1500884622 1905360572 1115409063
1001946100	1001946100 1011628629
1002660590	1002660590
1002661187	1002661187 1002661178
1005110801	1005110801
1005933248	1005933248
1030068086	1030068086 1001615503 1001710480 1115384618 1115346384 1502880155 1905361711 1005527016 1005110812
1080285381	1080285381 1001946085
1093056631	1093056631 1093056632 1001764198
1500884617	1500884617 1905383075 1905360577
1905380493	1905380493
1905382501	1905382501 1093056649
1001710485	1001710485 1905361706 1115346379 1115384613 1502880160 1005527011
1001946101	1001946101
1002660591	1002660591
1002661188	1002661188
1005110802	1005110802
1005527001	1005527001
1005933249	1005933249
1080285382	1080285382 1001946086
1082830889	1082830889 1010930372 1082829675 1001598003 1011628628 1001946099
1905380494	1905380494
1001946102	1001946102 1011628630 1005110796 1000270277 1012947501 1082832917 1400335236 1029514472 1005429237 1002058841 1012943756 1012945629 1007683898 1002660604
1002322607	1002322607
1002660592	1002660592
1002952500	1002952500 1500884615 1001765309 1905360579 1002058152
1005527002	1005527002
1005933250	1005933250
1080285383	1080285383 1001946087
1093056633	1093056633
1905380495	1905380495
1905382503	1905382503 1005429230 1010924908 1012945636 1007683906 1082830884 1029514464 1010930367 1012947508 1002953114 1001598009 1002058834 1082829670 1400335451 1082827938 1000270284 1082832908 1012943763
1905383070	1905383070 1001765304 1115331659 1115409068 1003738809 1002660600 1115363472 1115330094 1905360573 1500884621
1001615497	1001615497
1001946103	1001946103 1011628631
1002322608	1002322608 1905361705 1115346378 1115384612 1502880161 1005527010 1001710486 1001615509
1002952501	1002952501
1002953115	1002953115 1010924909 1029514465 1082832909
1005110804	1005110804
1005429231	1005429231 1012945635 1001946093 1007683905 1010924910 1082830885 1012947507 1029514466 1010930368 1001598008 1002058835 1080285387 1082829671 1400335450 1082827937 1000270283 1011628622 1012943762 1082832910
1005527003	1005527003 1012943769 1029514458 1010930361 1002953108 1005429224 1002058828 1012945642 1007683912 1082829664 1012947514 1001598015 1082832902 1400335457 1082827944 1115331898 1010924902 1000270290 1082830878 1011628620 1001946091 1000270291 1001710477 1003738149
1030068089	1030068089
1080285384	1080285384 1000270268 1012943746 1082832927 1012945619 1007683888 1010924925 1012947491 1029514482 1005429247 1001946089
1093056634	1093056634 1005110805 1005110803
1905380496	1905380496
1002058135	1002058135
1093056635	1093056635 1005110806
1905380497	1905380497 1905380492
1905382505	1905382505 1012945638 1010924906 1082830882 1029514462 1007683908 1010930365 1002953112 1005429228 1002058832 1012947510 1001598011 1082829668 1400335453 1082827940 1082832906 1000270286 1012943765 1115332231
1905383072	1905383072 1500884619 1001765306 1115331661 1905360575
1001765308	1001765308 1500884616 1905383076 1905360578
1002058136	1002058136 1002952516
1030068091	1030068091 1002322612 1001615499 1905361702 1115346374 1115384608 1502880165 1005527005 1001710491
1093056636	1093056636 1005110807
1905360567	1905360567 1905383064 1500884627
1905380498	1905380498
1905383073	1905383073
1002058137	1002058137
1002952504	1002952504 1002058149
1002953118	1002953118 1002058853 1082832930 1010924928 1029514485
1011628612	1011628612
1093056637	1093056637 1005110808
1905380499	1905380499
1002058138	1002058138
1011628613	1011628613
1905380500	1905380500
1001615502	1001615502 1002322609 1030068087
1002058139	1002058139 1905360553 1500884641 1002952514
1002322613	1002322613 1030068092 1001615498 1005527006 1115346375 1115384609 1502880164 1001710490
1003738150	1003738150 1037498604
1082832932	1082832932
1500884625	1500884625 1001765300 1905383066 1905360569
1005110810	1005110810 1093056639
1005527009	1005527009 1001710487 1001615500 1115346373 1905361701 1115384607 1502880166 1002322611 1030068090 1001710492 1005527004 1905382512
1011628615	1011628615 1080285377 1001946081
1500884626	1500884626 1905383065 1905360568
1905361717	1905361717 1502880149 1905382492 1400335230 1082832923 1000270271 1012943750 1010924921 1029514478 1012945623 1007683892 1005429243 1002058847 1012947495 1005526998 1003738154 1115363775
1001764199	1001764199
1001765313	1001765313
1002058141	1002058141 1115332603 1002661183 1905360562 1002952512 1500884632 1115324636 1905383059 1003738808 1115363471 1002660599 1905360574 1001765305 1500884620 1905383071 1115331660 1115330093 1115409067
1003738152	1003738152 1115363777 1005526996 1005933242 1400335228 1082832925 1012943748 1010924923 1012945621 1007683890 1029514480 1005429245 1012947493 1002058849 1001615495 1905382490 1002322603 1905361715 1502880151
1093056641	1093056641
1905382511	1905382511
1001764200	1001764200
1001765314	1001765314
1093056642	1093056642 1030068085 1005110813 1905382507 1115332233 1082830880 1029514460 1010930363 1012945640 1005429226 1002058830 1007683910 1012947512 1082829666 1001598013 1082832904 1400335455 1082827942 1000270288 1010924904 1012943767 1002953110 1115384617 1115346383 1001710481 1001615504 1502880156 1905361710 1005527015
1001764201	1001764201
1002322617	1002322617 1030068096
1005527012	1005527012 1001710484 1115384614 1115346380 1502880159 1905361707 1905382504 1082830883 1010924907 1012945637 1029514463 1007683907 1010930366 1002953113 1005429229 1012947509 1002058833 1001598010 1082829669 1400335452 1082827939 1000270285 1082832907 1012943764 1115332230 1001615507 1005110816
1037498590	1037498590
1905361720	1905361720 1502880146 1905382510
1905382481	1905382481 1012947500 1082832918 1010924916 1400335235 1000270276 1029514473 1005429238 1012943755 1002058842 1012945628 1007683897 1115363475 1002660603 1005110797
1905382513	1905382513
1905383080	1905383080
1001764202	1001764202
1002323121	1002323121
1001764210	1001764210
1002323129	1002323129
1002661176	1002661176
1003738804	1003738804 1002660595 1002661179 1905383063 1905360566 1002952508 1115331878 1500884628 1002058145
1005429249	1005429249 1012943744 1000270266 1002953117 1082832929 1012945617 1007683886 1010924927 1012947489 1029514484 1002058852 1002660593
1011628627	1011628627 1001946098 1001598004 1082830888 1010930371 1082829674 1010930370
1037498599	1037498599
1093055810	1093055810 1905380491
1115363476	1115363476
1905360583	1905360583 1500884611
1905380482	1905380482
1001710474	1001710474
1001764211	1001764211
1002323130	1002323130
1002661177	1002661177
1003738805	1003738805 1002660596
1005933238	1005933238 1093056648
1037498600	1037498600
1093055811	1093055811 1905380490
1115363774	1115363774 1003738155 1115326204 1905382493 1001615492 1005933245 1002322606 1000270272 1082832922 1400335231 1010924920 1012943751 1029514477 1012945624 1005429242 1007683893 1002058846 1012947496 1005526999 1905361718 1502880148
1905360584	1905360584 1500884610 1001765310
1905380483	1905380483
1905383058	1905383058 1002952513 1002058140 1500884633 1905360561
1093055802	1093055802
1093056644	1093056644
1905361721	1905361721 1502880145
1905382482	1905382482 1080285385 1010930360 1012943770 1002953107 1005429223 1002058827 1012945643 1082829663 1007683913 1012947515 1082832901 1001598016 1011628619 1115331897 1400335458 1010924901 1082827945 1082830877 1000270292 1001946090 1029514457
1905382514	1905382514
1905383081	1905383081
1001615508	1001615508 1030068081
1001764203	1001764203
1002323122	1002323122
1093055803	1093055803
1093056645	1093056645
1115331894	1115331894 1400335461 1002953104 1005429220 1000270295 1002058824 1012943773 1082829660 1012945646 1007683916 1082832898 1012947518 1001598019 1010924898 1082830874 1029514454 1082827948 1010930357
1905361722	1905361722 1502880144
1905382515	1905382515 1001710478 1905361713 1502880153 1115346386 1115384620 1005527019 1030068088 1002322610 1001615501
1905383082	1905383082
1001764204	1001764204
1001946083	1001946083 1080285379 1011628617
1002058845	1002058845 1400335232 1082832921 1000270273 1010924919 1012943752 1029514476 1005429241 1012945625 1007683894 1012947497 1115326203 1905382494 1001615491 1005933246 1005527000 1905361719 1502880147 1003738156
1002323123	1002323123
1003738157	1003738157 1037498592 1001615490 1905382509
1037498593	1037498593
1093055804	1093055804
1115409062	1115409062
1905361723	1905361723 1502880143
1905382484	1905382484
1905382516	1905382516
1001764205	1001764205
1002323124	1002323124
1005110817	1005110817
1093056647	1093056647 1005933239
1905361724	1905361724 1502880142
1905382485	1905382485 1001615510
1905382517	1905382517 1905380501
1905383084	1905383084
1001615511	1001615511
1001764206	1001764206
1002323125	1002323125
1002660607	1002660607
1003738159	1003738159
1005110818	1005110818
1093055806	1093055806
1500884634	1500884634 1905360560
1905361725	1905361725 1502880141 1115384621 1115346387
1905382486	1905382486 1005429251 1000270264 1012943742 1012945615 1007683884 1082832934 1012947487 1010924930 1029514487
1905383085	1905383085
1001615512	1001615512
1001764207	1001764207
1003738160	1003738160
1005527018	1005527018
1011628624	1011628624 1001946095 1080285389 1007683903 1010924912 1012947505 1001598006 1029514468 1005429233 1002058837 1400335448 1000270281 1012943760 1082832912 1012945633 1082830886 1012945634 1001946094 1007683904 1010924911 1012947506 1029514467 1001598007 1010930369 1005429232 1002058836 1080285388 1400335449 1082827936 1082829672 1000270282 1012943761 1011628623 1082832911
1905360580	1905360580 1500884614
1905382487	1905382487
1001615481	1001615481
1001615513	1001615513
1001764208	1001764208
1002058150	1002058150 1002952503 1905360555 1002952506 1115331880 1002058147 1500884639
1002661174	1002661174
1003738802	1003738802
1005110820	1005110820 1005110819
1093055808	1093055808 1093055807
1115409066	1115409066 1500884618 1001765307 1115331662 1905360576 1115330092 1905383074
1500884636	1500884636 1905360558 1001765299
1905360581	1905360581 1500884613
1905382488	1905382488
1905383055	1905383055 1002952515
1001615482	1001615482 1905383083 1905383077 1001765312 1905383078 1905383079 1037498595
1001615514	1001615514
1001764209	1001764209
1001946088	1001946088
1002058151	1002058151 1002952502
1002323128	1002323128
1002661175	1002661175
1003738803	1003738803
1005527020	1005527020
1037498598	1037498598
1093055809	1093055809
1905360582	1905360582 1500884612 1093055805
1905383056	1905383056 1905360559 1500884635 1905383057
1001615483	1001615483
1001615515	1001615515
